{"tau": 0.2, "x_vals": [-150.0, -134.5, -119.0, -103.5, -88.0, -72.5, -57.0, -41.5, -26.0, -10.5], "sigma_v": 3.3333333333333335, "nbr_rows": 10, "sigma_x": 15.5, "v_vals": [-15.0, -11.666666666666666, -8.333333333333332, -5.0, -1.666666666666666, 1.6666666666666679, 5.0, 8.333333333333336, 11.666666666666668, 15.0], "nbr_cols": 10, "weights": [[0.4856920348856227, 0.49012203366553914, 0.49042247133334754], [0.47208459597431496, 0.48506192514859175, 0.4742801441142865], [0.5671120737855551, 0.5556581168054389, 0.5076921334041141], [0.43289407612910386, 0.40521503558676303, 0.38287359040996044], [0.09846457149270735, 0.12623409713347034, 0.15559257130640333], [0.21576868770402247, 0.31045361741126654, 0.40774222909186436], [0.6783112803905703, 0.9540224808487754, 1.0965057318389992], [0.6951336930722631, 0.8757400620149443, 1.0095763980645631], [0.5584103939282137, 0.6099029509656481, 0.6407142725119676], [0.5088526240392834, 0.5154847617985469, 0.5147683609356473], [0.3580629035243366, 0.3850680865403082, 0.373831828190649], [0.13391186306958613, 0.14741477025360347, 0.04206971613166088], [-0.29489654481997724, -0.39365309947734245, -0.46594383298236763], [-1.0755068627607378, -1.0083157085482892, -0.8036736017905096], [-0.1766048887691552, -0.21031035456529362, -0.4623853230168508], [-1.1530155880966142, -1.1759398889515429, -0.9667713702382232], [-0.7795209050410074, -0.8022130547255236, -0.9078364837405039], [-0.25271649346675495, -0.16743626357371422, -0.06488180740837166], [0.25169470567310914, 0.44617126214897207, 0.5927504742076317], [0.5098355993041399, 0.5706567416848228, 0.5804832453813664], [0.25862371313922106, 0.19680556504554475, 0.05447242773500845], [-0.5093441404250356, -0.6165510243989251, -0.6763314856195767], [-1.0950070346617755, -0.9951822054329869, -0.7428142887982084], [0.17548087114776004, 0.04783414649633602, -0.3486139297762512], [-1.6532189135841016, -1.5825405126477097, -1.1363631745112936], [0.19207531636893793, 0.16582099091737357, -0.21056393144216526], [-1.0455854362751122, -1.042381427663937, -0.8111241994783639], [-0.7611628014470215, -0.8148857199640418, -0.9691719307021879], [-0.5614345494502353, -0.5098794544773446, -0.4381916112282768], [0.22103079758112945, 0.39785992680712307, 0.5420243841287057], [-0.028067747721209065, -0.2550983658648489, -0.5125688988589981], [-1.1526815535097805, -0.9563225288061802, -0.6685866311546255], [0.3233231009341971, 0.13185223640283453, -0.32539918024685816], [-2.011863690750988, -1.8233010187872365, -1.2679210665482528], [0.8360694923252014, 0.7479974620595865, 0.20065046042335782], [-1.841291824246557, -1.8034950541272257, -1.3331154551270654], [0.2482925333257875, 0.2523086070616851, -0.059871856988417134], [-1.099154602026432, -1.0612417008869797, -0.8707645610424176], [-0.48141812095966224, -0.5804004484333262, -0.679004202217469], [-0.2679398398200003, 0.043942452601566595, 0.20839370511564784], [-0.6428869456379028, -0.6589312481330422, -0.6246743796014181], [0.23868415993617753, 0.14127643451356325, -0.040930601328898246], [-1.7990760480070374, -1.7352142676127462, -1.3688733600628842], [0.7731200437204692, 0.7236626510176015, 0.24555944162142412], [-2.0578808494778604, -2.053295727959629, -1.5764499478689948], [0.5131969857766165, 0.5678296102581948, 0.1581914501531669], [-1.483236528840531, -1.5893924694154726, -1.321260475252139], [-0.26201384972306746, -0.1670820804501025, -0.2965293208198724], [-0.8462057587217771, -0.9642688298076157, -0.9826115810631761], [-0.08595234136405362, 0.2712726516030746, 0.5327451084743648], [-0.22019634015653902, -0.18270171270004068, -0.11404512292765547], [-0.7007469511159387, -0.688578724797232, -0.6497486450305708], [0.15178821308515336, 0.08545279302424236, -0.16026730743763276], [-1.89608997461661, -1.8465107274682209, -1.4406316521580216], [0.6896383667794806, 0.7122839723900878, 0.30175398905528716], [-1.6516587545169965, -1.7363593913773703, -1.3963909105697585], [-0.04596469381337259, 0.05926080337548187, -0.1333855017111713], [-0.7745101480981909, -0.8383105505618237, -0.7558156899399681], [-0.7033770354159864, -0.6855683309614723, -0.7365605818147676], [0.6115172408970947, 0.8873683238179225, 1.1468964538192998], [0.30634127972278763, 0.30257482498750266, 0.29440107318638953], [-0.43247309316407384, -0.4538640787480798, -0.40377146754789345], [-0.6303027619372742, -0.6192749743226128, -0.5878727502177541], [0.05632524322032903, 0.016517344973792446, -0.2014174582994883], [-1.552114720386579, -1.583882250628856, -1.3637070175078005], [-0.08352337400091432, -0.0013186577404988797, -0.13548994330004885], [-0.8126998491755237, -0.8876004287268174, -0.9035627724500543], [-0.8628785784263585, -0.8503362307008251, -0.8220093704413162], [0.052593939202768475, 0.2258985725344595, 0.39168664692078403], [0.8297059310036067, 0.9305572103937401, 0.979671941510675], [0.467743618470273, 0.4655292884332745, 0.4596574467907261], [0.16407902933617152, 0.145635019895104, 0.1054105805068366], [-0.49487569664104764, -0.5028668418040977, -0.4670204340094368], [-0.6044795089671533, -0.5996646732978059, -0.5365366364445135], [-0.10553032014216347, -0.09296840160567378, -0.1649367277505652], [-0.6565477458616029, -0.6880018551771928, -0.6876440677042248], [-0.6163327988523533, -0.6076647785302683, -0.5045290441914816], [-0.19504589849949844, -0.12630513503649896, -0.1416943314327197], [0.8885504798636078, 0.9763460694837337, 1.026448071046109], [0.6570001932558387, 0.6343230953310007, 0.48702754319892533], [0.49723076826444507, 0.497013835773233, 0.49632651606053113], [0.4385350758520586, 0.4312858206514381, 0.4139996624835437], [0.00849752421310636, -0.03317525458759271, -0.14064604445032194], [-0.6540054874436384, -0.667855128338596, -0.6288675569714596], [-0.3552824129708189, -0.32924354268817474, -0.3121879413914055], [-0.7374656993612941, -0.815056575437891, -0.8625620869665744], [-0.7053203134522319, -0.6263775454933813, -0.7068097160921594], [0.5765812880212612, 0.8121641050392403, 1.162090013563406], [0.5769758462330896, 0.48701515014911023, 0.23885965032646747], [0.504947071131174, 0.4572316666733974, 0.40399171704658154], [0.49990225085905227, 0.49988743072944236, 0.4998557021036417], [0.49443787006389855, 0.4937896279624205, 0.4918525707465728], [0.4078432363861601, 0.40322908091178666, 0.3822872125256785], [0.07339998693986635, 0.031997319466293736, 0.011499951671121715], [-0.7536505295593519, -0.7930781328664106, -0.9002517354601226], [-0.3890163869012329, -0.3043007197956249, -0.12365810904503508], [1.4266610472687695, 1.5435497806734464, 1.6699425082354071], [0.7624675226314971, 0.537012987712661, 0.2706955232883655], [0.2456879665649368, 0.19119288445642457, 0.153716807677878], [0.4676420413617919, 0.46678839565722224, 0.46463933558592063]], "history": [{"episodes": 500, "steps": 3000, "eligibility_decay": 0.6, "learning_rate": 0.05, "reward_factor": 0.95, "step_penalty": -0.05}, {"episodes": 500, "steps": 2000, "eligibility_decay": 0.6, "learning_rate": 0.05, "reward_factor": 0.95, "step_penalty": -0.05}, {"episodes": 500, "reward_factor": 0.95, "eligibility_decay": 0.6, "learning_rate": 0.01, "steps": 2000, "step_penalty": -0.1}]}