{"v_vals": [-15.0, -11.666666666666666, -8.333333333333332, -5.0, -1.666666666666666, 1.6666666666666679, 5.0, 8.333333333333336, 11.666666666666668, 15.0], "x_vals": [-150.0, -132.0, -114.0, -96.0, -78.0, -60.0, -42.0, -24.0, -6.0, 12.0], "weights": [[0.5737942108855657, 0.5686676303706528, 0.5441921893059758], [0.8799713458675728, 0.8918822068302993, 0.857653485476058], [1.4150785930286698, 1.4788996810559007, 2.1454414695257302], [1.8475400385263236, 1.9221517963992156, 3.6979888078398817], [1.7722517307542351, 1.9184154380023664, 3.173917995140278], [1.3739377701761917, 1.7957622981399508, 3.716583882091689], [0.9489232733043756, 1.3940396791275247, 4.448773221568324], [0.6154073663184335, 0.753153220373374, 2.1751712704071533], [0.5159688171333191, 0.532281803521055, 0.3390480057401415], [0.5007600950150798, 0.5003945111431892, 0.27982271793826546], [1.0375666578594491, 0.9894223369491354, 0.855805243398452], [1.7061185107703891, 1.7493890328250878, 1.593149867102056], [1.3065875936205658, 1.4079866627642146, 1.3068670380405256], [0.22128125241359628, 0.2006295918929503, -0.12156116537781324], [-0.19656996601608226, -0.2625336189058315, -0.45994440551454696], [-0.1924290507863911, -0.1155903334003448, -0.6195979407901534], [-0.12818285184663242, -0.12648729366293945, -0.6421132793845504], [0.20987900538504486, 0.3305970759259804, 2.518462346013291], [0.5367157119002889, 0.6149207249843986, 2.4499159273804043], [0.5094136180853686, 0.509398540707297, -0.020269298181475076], [1.4849750470715617, 1.458324717171943, 1.3332869637322213], [0.7056926197475573, 0.7523772647544247, 0.8447170088200928], [-0.18580936254902716, -0.2515181229997984, -0.4424899311189645], [-0.2310397844283598, -0.23633949538569254, -0.13959281369526896], [-0.08123958231595303, -0.004631473417394056, 0.06011723601066047], [0.06967429208382499, 0.028649001222916304, 0.13655556669549182], [-0.05247354428166253, -0.1410215369336815, 0.2652172395415125], [-0.17026861824088504, -0.14008124037107236, -2.1111763569241555], [0.4061855956997235, 0.5330107503719246, 1.9337451886730799], [0.5288284131426414, 0.6255030576823171, 1.7014114943831709], [1.4056238325065384, 1.469526203875372, 1.4218532552548488], [0.5916356336508312, 0.37492559100117245, 0.330074388364989], [-0.09961495709277829, -0.07622605357861102, -0.07095109207971484], [0.05068738997104447, 0.1332442274119478, 0.1545516683984924], [0.1066126011688082, 0.07526192654392143, 0.0021824011609545405], [-0.15656669719874303, -0.07655189899386955, 0.0076637064957929026], [0.1688412775796668, 0.32626175148627695, -0.07760507960478644], [-0.21005020454599624, -0.32005475105815884, 0.8842052426706534], [0.15273890543131732, 0.2510213962518202, -1.1532849086957313], [0.5260685338178871, 0.7571733708043994, 3.288667142536431], [0.9377122732557014, 1.039297622223968, 0.9313768168580737], [1.1171535862934368, 1.0483158111790352, 1.1341103512864403], [0.2705163928319433, 0.16358693555406445, -0.15583063679587578], [-0.3232657773777473, -0.33652860134394486, -0.38422716449726446], [-0.12576031464400975, -0.008754738400789594, 0.2440087444646124], [0.05079293843346777, 0.018076018616735426, -0.5046007176216443], [-0.2457775869128245, -0.44393025570651923, 1.088391427250131], [0.08962070021392132, 0.34294512770859287, -2.987067323440849], [0.45952038647839033, 0.45851430744767163, 2.2566855354944018], [0.5654488583035983, 0.6829877653353287, 2.0344166909706325], [0.5974501006434861, 0.6228173952652662, 0.5368436492703024], [0.9424351043456357, 0.9798693381579591, 0.9908633581126468], [0.91192566697868, 0.8633419563781174, 1.0526108894178174], [0.514181993462037, 0.528691571828943, 0.418895742438828], [0.09126762317917017, -0.11912642991474934, -0.4773728162359041], [-0.1288858136983944, -0.09271917796113208, 1.3636593078840782], [0.35043551604617024, 0.8716993300612499, -2.0545430144752084], [0.4414561178136337, -0.1676141799538818, -0.5544625040861523], [0.6190936425911389, 1.0001345530127308, 4.927535514666432], [0.5686998759568173, 0.8552417287952355, -1.5518835517696332], [0.5170932397363132, 0.5167759434377172, 0.4848459104778718], [0.6753496131862714, 0.6627174422722685, 0.44481311340682006], [0.898747136547603, 0.8808242676352543, 0.5611358094163342], [0.6911674842608452, 0.5250499357164267, 1.3198199213325799], [0.6065804289229609, 0.9100514805742123, 0.5599822285121708], [0.8094810688205498, 1.1015383089666793, -4.048484484580642], [0.4373858250222174, -1.0855018787774997, -2.402344948738118], [0.37097650226952095, 1.7193062062712385, 5.765461976050678], [0.5813216947662299, 1.7953284879949243, 0.2003329797209883], [0.5243709232775455, 0.6143674781354879, -1.2844784324398708], [0.5014819584566009, 0.5012954501716124, 0.4979422621637342], [0.529944247423142, 0.5223072845204385, 0.48346761302790675], [0.6376395928290695, 0.5860665572305432, 0.536771164641386], [0.7447921285454551, 0.7690028867632179, 0.1221493913142184], [0.6951014940512716, 0.8518002600463904, -4.883731633605354], [0.2377412442253624, -1.4558764748255624, -2.53965246334639], [0.3215329932802437, 2.3857630481157397, 7.711826889775077], [0.5375077813510002, 4.1353938164162525, 1.8946922536898054], [0.5309901108302474, -0.2644567908914103, -2.1949678750543784], [0.5038804165366593, 0.1368130505890849, -0.06415113164403266], [0.5000344550922169, 0.5000280838802106, 0.4999591523351449], [0.5010013966245981, 0.5005641891369684, 0.49996708787077454], [0.507429897351736, 0.5045346029139594, 0.492736524019054], [0.5291933102953721, 0.5210117313117929, -0.051308114095311524], [0.43847174602347727, -0.05292147046685931, -0.8588670200425781], [0.39667630342168675, 1.3837153399234665, 7.8524728114701645], [0.5277158752075091, 5.9902015759091265, 0.372672748923054], [0.5239736929750922, 0.5544222435390623, -4.293699264544615], [0.5027454222607001, -1.0603478397308372, -0.849803948840113], [0.500158539017776, 0.3257644008577959, 0.4005022875480584], [0.4999999927650721, 0.5000000593036882, 0.5000002090311989], [0.49999988422749436, 0.49999645770125817, 0.49999802758157], [0.49978570135144385, 0.49985787343310156, 0.49828538645612563], [0.492071156593779, 0.4861707527968909, 0.5007790781691873], [0.46133149586174577, 0.49523219396007984, 2.043575275861622], [0.48591402174292486, 1.8927454922908005, 5.5876862091084005], [0.5123648176834786, 3.407245374281425, 0.7779194291492387], [0.5030038203005918, 0.8631590937417783, -0.37828282067398306], [0.5000993990828151, 0.27599544822987365, 0.3732209150154769], [0.5000008978129481, 0.48751013322412295, 0.49510282164060165]], "sigma_v": 3.3333333333333335, "tau": 0.2, "history": [{"episodes": 200, "eligibility_decay": 0.5, "reward_factor": 0.95, "learning_rate": 0.1, "negative_reward": -0.0, "steps": 1500}, {"episodes": 200, "eligibility_decay": 0.7, "reward_factor": 0.95, "learning_rate": 0.07, "negative_reward": -0.0, "steps": 1500}, {"episodes": 200, "eligibility_decay": 0.4, "reward_factor": 0.95, "learning_rate": 0.07, "negative_reward": -0.0, "steps": 1500}, {"episodes": 200, "eligibility_decay": 0.4, "reward_factor": 0.95, "learning_rate": 0.07, "negative_reward": -0.5, "steps": 1500}, {"episodes": 200, "eligibility_decay": 0.9, "reward_factor": 0.95, "learning_rate": 0.05, "negative_reward": -0.5, "steps": 1500}, {"episodes": 500, "eligibility_decay": 0.9, "reward_factor": 0.95, "learning_rate": 0.05, "steps": 1500, "negative_reward": -0.5}], "nbr_cols": 10, "nbr_rows": 10, "sigma_x": 18.0}