{"sigma_v": 3.3333333333333335, "nbr_cols": 10, "v_vals": [-15.0, -11.666666666666666, -8.333333333333332, -5.0, -1.666666666666666, 1.6666666666666679, 5.0, 8.333333333333336, 11.666666666666668, 15.0], "weights": [[0.7670295138501365, 0.6063860042602073, 0.6000962586205894], [1.9456716583288378, 1.0561781908130905, 1.265129612529398], [3.7458524507397666, 2.3579677804999988, 2.986104249127617], [4.117862831322161, 4.060728614283926, 4.5269773551912875], [3.778589031332923, 3.800570035880266, 3.179828649535123], [2.663311636408844, 3.8779455428707705, 3.6632607736726417], [1.7003326263372223, 3.1579489055105703, 5.6904374188462095], [0.7552421944947948, 1.0475703187607206, -1.2410812637883395], [0.5309284545806878, 0.579340771837388, -3.2471808356948473], [0.4989953697656063, 0.504583222428208, -0.5382973837547803], [1.8298702824964042, 1.3689047406575316, 1.171835315355909], [2.4884094063658178, 2.0847327672535356, 2.1579515492488612], [0.8220085129109991, 1.0199105990871529, 1.2455740853664408], [-0.2829789119995377, -0.25285419161276085, -0.6164234143480893], [-0.6395775436015175, -0.739667646355246, -0.40713433834140816], [-0.32609568934396477, -0.6278982919197438, -0.4932242426637047], [-0.2520177276676661, -0.2036962610195162, -1.42039932018798], [0.12314776238120867, 0.36050988192678896, 4.990776595591899], [0.6417333176155967, 1.0182536878854642, 3.120179217907142], [0.4884373151815595, 0.5589940999273096, -1.1817241527911428], [2.316558893213062, 2.157715261240597, 1.9621748076522536], [0.33835197455643184, 0.6556170653301635, 0.6509978587817002], [-0.15219246972566686, -0.29084662430048536, -0.5133669481321839], [-0.055541653590801196, -0.08607854575189706, 0.06350092624313766], [0.10217408328067885, 0.1830015827808621, 0.06669616181596506], [0.11078223407792048, 0.1832406111170876, -0.008634214409585474], [-0.03794859841430939, -0.1452577036827943, 0.968608827972825], [-0.050350803123972644, -0.13923948517555304, -4.063402292997124], [0.5733842294953195, 0.8185773971722402, 2.8502874361638346], [0.4711738025513662, 0.7086077231092023, 2.3457359613188755], [2.1065110397322764, 2.1874724802370253, 2.2516914548714224], [0.3616537433314815, 0.0415478654688044, -0.17150374956199604], [-0.014483009702457037, -0.02811275898474678, 0.13729901376298836], [-0.04329265319628795, 0.03979956154173406, -0.04459448938467902], [0.11942065156616422, 0.03417507584685212, 0.06182807992611371], [-0.1273868832249316, -0.1383986927246336, 0.17548553873940875], [0.17102546869719126, 0.20464276401824977, -0.9479605326945216], [-0.2754268793057951, -0.24376960350760093, 3.723897718384446], [0.21457900527542811, 0.06410950251291936, -2.6369054268102667], [0.4909140973292086, 1.6348511281385252, 4.2856161712372405], [1.7040914415506223, 1.692768735191326, 1.6204998605852], [1.2707342000224984, 1.2963015792533954, 1.1981483583910866], [0.03821279484486042, 0.013890675685176514, -0.05511849446998991], [-0.1707706115615504, -0.25831927090289053, -0.2641003088806468], [-0.08802956845726488, 0.019815332436445707, 0.21822738417628934], [0.12878521296867315, 0.1195730921867885, -0.9796270288445301], [-0.3271158482481015, -0.506799154978812, 2.5810147456675105], [0.34157686226746636, 0.576570840342894, -7.47113693969846], [0.3749031487193957, -0.20781617052053317, 4.508850049695596], [0.6339534933044301, 3.434207096641975, 2.2771843696040355], [0.8698396872833257, 0.8695150460179436, 0.7967238757497981], [1.5781347028001165, 1.517454932004084, 1.7082522588759737], [1.0901309042131153, 0.9628145612426222, 0.720959662405837], [0.30004104927756864, 0.386586441256871, 0.4057425531453278], [0.0370897939289147, -0.18741852604940545, -0.7521013720388909], [-0.3337853088783382, -0.3074557710577863, 2.736199980492725], [0.7954432038739455, 1.3471609388029624, -4.477652505521105], [-0.23776231833903239, -0.5175883471216983, -0.4148032209531648], [1.157587433777522, 1.471460144068343, 8.457614667207967], [0.9480991992722222, 2.3298883324746344, -7.784351723475591], [0.5490810901998281, 0.561890641004537, 0.5513160359201073], [0.8673251169948835, 0.8891936570528587, 0.9560372935567812], [1.2384549055904972, 1.3299630914884168, 0.871009111509293], [1.010154918381321, 0.6591805318305584, 1.7577646617683407], [0.585459750015051, 1.1579065277233072, 1.5096450175581675], [1.4682151865699973, 2.007799825265021, -8.124667064677286], [-0.453744029021555, -3.455935384811004, -3.4039772025674955], [1.6052066890024816, 2.7376347694202448, 9.2621875832115], [3.128093504231502, 3.53969053314175, -3.311781377474083], [1.170542289388932, 0.9591773502355648, -5.130857806871231], [0.5051120549243303, 0.5039465471030115, 0.5053969140891118], [0.5966650138730888, 0.546171067260328, 0.5914580742773448], [0.9069536125641898, 0.7495209547727144, 0.8097952853706519], [0.8080832130730317, 1.4550896172494727, -0.3125184490185953], [1.2142094676574622, -0.49524187748087023, -8.989854223361117], [-0.5198437545075566, -5.506383125501007, -3.3484648130117534], [1.696999090858878, 6.206441654110596, 11.317744331989031], [3.467349721852424, 4.861766155902765, -0.5935300936843105], [0.6141946535818781, -2.349238478979086, -5.985138830777118], [0.5255344317120059, 0.04573861608376042, -0.7132000221987459], [0.5001950506381517, 0.5000436046255899, 0.5001747342829284], [0.5069422482546933, 0.5004899249958189, 0.5041814285158683], [0.5691629437839424, 0.53289761694636, 0.4969819733897866], [0.7364646727195108, 0.5139488358823424, -0.48973957322255274], [0.6849281071563432, -1.4571275325408282, -1.895008837108987], [0.828359792057297, 6.360274487025792, 11.077845152500258], [4.542486002194119, 6.303636109093776, -0.3878978966517806], [1.6569220135034448, -8.585605462742272, -6.1454398127241445], [-0.6126322100830288, -3.732041392519934, -1.2054274828625675], [0.3696120596508594, 0.17618190452894797, 0.37525516455786717], [0.5000010071844314, 0.4999991555336026, 0.5000006577074232], [0.5001509582531739, 0.5000130262901604, 0.500023420445868], [0.502841693565769, 0.5009814606712255, 0.49762123735385816], [0.5004596461082439, 0.44653967193548216, 0.5396027028853553], [0.4422037658199758, 0.7714611020690841, 3.067031344382825], [0.7729811069034774, 6.267235625541552, 5.24875388720585], [1.7301637409721582, 2.6156605004322344, -1.72382914051671], [1.0726278835813587, -2.7448855139808956, -0.8733152693791107], [0.43598309899361387, -0.01989975568683359, 0.34180286296309825], [0.4891523445534675, 0.4884486043908463, 0.494151772232577]], "sigma_x": 18.0, "tau": 0.2, "x_vals": [-150.0, -132.0, -114.0, -96.0, -78.0, -60.0, -42.0, -24.0, -6.0, 12.0], "nbr_rows": 10}