{"sigma_x": 18.0, "x_vals": [-150.0, -132.0, -114.0, -96.0, -78.0, -60.0, -42.0, -24.0, -6.0, 12.0], "nbr_cols": 10, "weights": [[0.7254140591497624, 0.7445340614182113, 0.7299395248867907], [1.981969757154678, 2.0202989251559815, 1.9521545741069641], [3.535624550954978, 3.602420552413955, 3.474034601004681], [1.3397775997910213, 1.3941731318777721, 1.356358853422229], [1.7623411604444494, 1.7878722141489447, 1.872258339279572], [1.688700754605252, 1.7263208151965632, 1.6452839829008252], [1.593591328615771, 1.8752403866400222, 2.1267785096642], [6.383842904626984, 7.285432147480275, 7.748625069092186], [3.6834315424738477, 3.9963426741818844, 3.826544727042714], [1.08783333692012, 1.0752067907940686, 0.875069955736627], [1.4589882673472208, 1.518230315228551, 1.4930345649152776], [1.440349390171366, 1.3561541523527427, 1.2865560093343853], [-0.5104656571067969, -0.5925228489578891, -0.6274959220080469], [-0.15900095076341028, -0.13439976132118422, -0.11546455297638668], [-0.4918752538342192, -0.5472022680854516, -0.6988490427907035], [-0.5779453997089486, -0.4937487467775895, -0.3380481929719944], [-0.2544874572727211, -0.3655520843252894, -0.6471077588958655], [-1.9068704656854285, -1.960331869626159, -1.8590479982434056], [2.2267137368031897, 2.4696786605274643, 2.754933130192547], [3.2134940559803704, 3.0617548490298345, 2.2303287115083568], [1.4724323025163173, 1.360930253905352, 1.316838362026972], [-0.4426291944326058, -0.4960495796522261, -0.5830859570062257], [0.1513839042981499, 0.21289130660143377, 0.2218297571006791], [-0.025628029372946365, -0.06233398216107182, -0.11813175632177937], [0.24071191969755074, 0.3063781509209956, 0.3956167927161039], [0.3629433507567806, 0.2094840814008169, 0.11899717243727347], [0.04694561921252942, 0.19721265419335698, 0.3870578193645439], [0.9062287048408539, 0.7152179209889696, 0.3339422597625936], [-2.088703624668966, -1.701553652782924, -1.2205363965590708], [3.134320622248175, 3.135152295099552, 2.869590496411403], [0.7675649415148054, 0.6481244975343592, 0.4880062519962106], [0.06424291944550467, 0.10542685264735506, 0.22462727155161863], [-0.1074301270571906, -0.13202927653922183, -0.20151323223246312], [0.0017467391187693357, 0.02593965105963963, 0.11464137270230267], [0.04467581165449691, -0.005765941084899003, -0.10759116081925842], [-0.17196075370144476, -0.09102031523275786, -0.03245306018356079], [-0.02841141544554012, -0.2210126075978416, -0.36758438963389883], [-0.5100260739256368, -0.3445520265579298, 0.02976945494868692], [0.8606473438006563, 0.453970559721761, -0.15213625386080692], [-0.40973130598964763, 0.8624004289474472, 1.5390629952923047], [1.2248748445213402, 1.4258245651271086, 1.4711584289121717], [0.11414852180171846, -0.13692266346803664, -0.29204553388554766], [-0.15675340141997657, -0.07113917078040113, 0.05468148000218339], [0.26299994476061067, 0.1981287633628077, 0.10895227187521832], [-0.4587213193657153, -0.43878765441347795, -0.3661624681566233], [0.5297664423873882, 0.49145237341566506, 0.5126706241923974], [-0.47108413045806213, -0.5097278839542143, -0.34699384405732825], [1.0689208681436029, 1.065037921283825, 0.8821445510954953], [-2.04331095151994, -1.789811800873564, -1.6716709763039959], [4.147582105565927, 4.68726691337294, 4.653119375072112], [0.8037690043573402, 0.9844661158660669, 1.0584960168097761], [0.8893920365994752, 0.8816257644005483, 0.94000847822372], [0.30472527199932065, 0.17432594951171917, -0.02122247512878419], [-0.7378987635577404, -0.7050074233870967, -0.5815015200801515], [1.0885296715344515, 1.1799643800081432, 1.0809779605489345], [-1.2307932073909218, -1.4185745338015363, -1.600712466722461], [1.1704182851206353, 1.5891727516033343, 1.5668831351039998], [-1.8952802242820734, -2.2257897308988492, -3.0508723935166557], [2.3809380844591805, 3.0927761179523854, 4.030885164588581], [3.8696296046777916, 2.784590319308986, 1.905349802016199], [0.5414254712298929, 0.5527485177772369, 0.5512210034509575], [0.7366626756485141, 0.624952629502033, 0.5476319528472752], [-0.016178132731361452, 0.13084944291253428, 0.4963494226439157], [1.804129915883744, 1.7569054185760766, 1.5597785434473472], [-2.5741041497115225, -2.9124910012873304, -2.9131244411684554], [2.674029948366855, 3.341549295197338, 4.059056485224954], [-2.0426235647834847, -3.3972397108553274, -4.047747407052311], [1.8461504953943773, 2.5264200812953392, 4.961274388229091], [4.4077582372973385, 3.2987237632245745, 2.6320651441168366], [0.05417846753398797, -0.9680329926471163, -1.3869953089217837], [0.5062409041778152, 0.5062178910146795, 0.5037347568650105], [0.6668948763710272, 0.6377318771002973, 0.5952663664715283], [1.2309267019831505, 0.7327637103762726, -0.05426452364585768], [-2.209057731248428, -2.329271613219086, -2.0091445501234473], [5.332940295770807, 5.962838602187471, 6.302950142970738], [-3.8610766139687103, -5.9621245866378265, -7.217779879500299], [1.597521336244228, 4.083765793471426, 6.4094633103379275], [7.8279108248497895, 6.139633598477501, 4.114582174099208], [-5.462653115330654, -6.404281641109189, -5.459910477087854], [-0.8044408240782914, -0.9203762066407564, -0.5729175366006424], [0.5003622187293342, 0.5003468133867953, 0.5002519119358463], [0.5247092556552801, 0.518396592635892, 0.5105083417703679], [0.8057841636079993, 0.7527288307902111, 0.6615321987940121], [0.448402324304011, 1.0694031785172697, 1.5781038176135003], [-5.522926266666716, -6.898753509123303, -7.850559672399317], [4.3829192640339505, 6.341628765535793, 8.113581934247277], [11.708417409243307, 8.96345560593803, 5.811391167536932], [-11.346597532412359, -11.282511392967027, -9.0830480401795], [-6.078351698648273, -4.7766321324379195, -3.431240902055028], [-0.00849588396597311, 0.1098294173225446, 0.25342412821483307], [0.5000025436543445, 0.5000020981378355, 0.5000017442050987], [0.5008136503302404, 0.5007261014051282, 0.5006449099267646], [0.5186557481069224, 0.5266867822748694, 0.534540188315637], [0.3106127404844378, 0.41023226287380743, 0.7364778290094245], [-0.5608660130615117, 0.384542621953973, 4.980971168394969], [5.537319385855974, 8.342509955753032, 12.45188253014567], [-2.0036602123462472, -3.4916055619777713, -7.70133727324873], [-7.2517420785413735, -6.186561420003273, -4.774558449125724], [-1.0618324105783115, -0.5302859292682889, -0.15207733917186572], [0.43427205772813005, 0.46267928614308323, 0.47722953306702426]], "history": [{"learning_rate": 0.05, "steps": 1500, "reward_factor": 0.95, "eligibility_decay": 0.9, "episodes": 500, "negative_reward": -0.0}, {"learning_rate": 0.1, "steps": 1500, "reward_factor": 0.95, "eligibility_decay": 0.9, "episodes": 500, "negative_reward": -0.0}, {"learning_rate": 0.1, "steps": 1500, "reward_factor": 0.95, "eligibility_decay": 0.7, "episodes": 500, "negative_reward": -0.0}, {"learning_rate": 0.1, "steps": 1500, "reward_factor": 0.95, "eligibility_decay": 0.7, "episodes": 500, "negative_reward": -0.0}, {"learning_rate": 0.05, "steps": 2000, "reward_factor": 0.95, "eligibility_decay": 0.7, "episodes": 500, "negative_reward": -0.0}, {"learning_rate": 0.05, "steps": 2000, "reward_factor": 0.95, "eligibility_decay": 0.9, "episodes": 500, "negative_reward": -0.0}, {"learning_rate": 0.05, "steps": 1500, "reward_factor": 0.95, "eligibility_decay": 0.5, "episodes": 1000, "negative_reward": -0.5}, {"episodes": 500, "steps": 1500, "reward_factor": 0.95, "eligibility_decay": 0.8, "learning_rate": 0.08, "negative_reward": -0.5}], "tau": 1.0, "nbr_rows": 10, "v_vals": [-15.0, -11.666666666666666, -8.333333333333332, -5.0, -1.666666666666666, 1.6666666666666679, 5.0, 8.333333333333336, 11.666666666666668, 15.0], "sigma_v": 3.3333333333333335}