{"tau": 1.0, "nbr_rows": 10, "v_vals": [-15.0, -11.666666666666666, -8.333333333333332, -5.0, -1.666666666666666, 1.6666666666666679, 5.0, 8.333333333333336, 11.666666666666668, 15.0], "weights": [[0.7128417976730611, 0.7345161267238878, 0.7294048865136845], [1.9140243344070988, 1.929824203959572, 1.893556254868341], [3.2815799030289434, 3.342678165419178, 3.299098458082915], [1.0932602106097977, 1.0393687457486451, 1.1061745564102237], [1.4683518432295355, 1.3879982645332862, 1.5907856552338644], [1.593665398869002, 1.7213982968630988, 1.7482776480212454], [0.8423587426294837, 1.064815241029221, 1.5590187891170881], [5.912043717596644, 6.5925343534253615, 7.049788251197728], [3.6267254626951186, 3.8778798694684093, 3.6276672778761023], [1.0593937986090178, 1.044256850705658, 0.8234799569390353], [1.329813603373246, 1.4522069986633759, 1.462133063599305], [1.2728015400632844, 1.148184523939453, 1.120655960857209], [-0.6041697695304965, -0.6848704951100401, -0.7477320112805947], [-0.1454838386455904, -0.10817940558687311, -0.14208699226122273], [-0.44092722388783007, -0.47624400298375363, -0.5777498738056536], [-0.6562353559693294, -0.6301338926508615, -0.6965727637597294], [-0.09824504176844587, -0.24443185391343727, -0.4591383321399934], [-1.9712428492194867, -1.9883079258628784, -1.8056541506778088], [1.7572530269865776, 2.100448598015534, 2.3068355063053123], [2.8358121509237706, 2.7244653319853387, 1.8827270933616083], [1.31766302981042, 1.287953045735416, 1.2632127717712653], [-0.44923277554937513, -0.5163609026030155, -0.6352430315453799], [0.13711428117787303, 0.22606437937098292, 0.3000722632304304], [-0.05129975594870897, -0.07582986764651964, -0.11061568578957816], [0.055647834955320934, 0.19036687457506515, 0.31037540683697784], [0.26901612845169115, 0.24159487243518263, 0.27868105093760914], [-0.09537914756126604, 0.1651323487704427, 0.3151074905973096], [0.9738505282238801, 0.7913487313914646, 0.6006900194427187], [-1.96777981465888, -1.6119568737549395, -1.0832470158146403], [2.700208493737157, 2.6027888452543797, 2.4725070955254362], [0.7467131507944501, 0.49899501134085755, 0.38362311396723103], [0.07595548184779127, 0.11525499921205332, 0.1872058594879809], [-0.08237954306680824, -0.09010411162159522, -0.15648050151929355], [-0.06803263463248355, -0.016115985046267968, 0.09693374811001412], [0.1284568968295377, 0.08879226375010861, -0.04576415152981891], [-0.26175565591008176, -0.19968528785873904, -0.0349670384581058], [-0.0363052198111379, -0.1593919869921047, -0.03698314256761564], [-0.427944530107778, -0.31760179291807406, -0.06030793827342896], [0.7590748077917148, 0.5588200837913969, -0.19002341443333629], [-0.296631366902123, 0.5268316972485751, 1.0554029824196287], [1.1051415519710406, 1.27232287451367, 1.3795922794497963], [0.029137159938085, -0.19964224717976137, -0.38789146623794585], [-0.20124730912945366, -0.04844847128417885, 0.06374259158460972], [0.26526803699765766, 0.25263423040294897, 0.14777473225460705], [-0.611738197039784, -0.5139478388119049, -0.41082734499762175], [0.7318437434953935, 0.7340657172484062, 0.5951703338670663], [-0.6803313057170678, -0.6196358949639948, -0.6250590286305295], [1.2914022914866428, 1.4074379490087643, 1.2095287955484197], [-2.3573796420733064, -2.0848854536804917, -1.93451952544467], [3.8521693247321735, 4.261231942906975, 4.40831452403483], [0.738526198098367, 0.9132278682626292, 1.014025582058657], [0.7012072880820545, 0.6956895250520906, 0.8155704535213512], [0.37972557653498307, 0.25193279826822207, 0.09915288825674108], [-0.7861669863078908, -0.7644661983789737, -0.6308150082387857], [1.2465700276820797, 1.4019112867784553, 1.3452056684940839], [-1.6469239132269202, -1.6163500200361656, -1.8022444243376012], [1.259332539991324, 1.864924350381239, 2.1289637272635535], [-1.714314676233073, -2.4887453527976104, -3.2970370989747964], [2.2024124883549026, 2.727738084966144, 3.7963945883309473], [3.2052244781458445, 1.9761722659656242, 1.0846526117846926], [0.5464897246933325, 0.5575091371436605, 0.5554356441199493], [0.8538230953353403, 0.7178323142212089, 0.6173983509291239], [-0.2912151814755023, -0.17291417134556877, 0.22835332076372633], [1.8962190471223346, 1.9007790630777834, 1.7090364618592013], [-3.0208159716542227, -3.2718152061785557, -3.2905790689144014], [2.903460008832547, 3.7944396627487587, 4.128516742958248], [-2.178793275758495, -3.0890928758170726, -4.780339925686658], [0.9753937384031034, 2.587209992708901, 4.539397981587073], [3.7278809728459485, 3.4610141485461137, 2.1302885968449567], [-0.616580249170038, -1.4552848534489073, -2.0621191189478636], [0.5084426033346133, 0.5089147758119313, 0.50678398726298], [0.7210618767508158, 0.7113551570197504, 0.684559135583644], [1.6351460426978521, 1.2449629873001187, 0.5774578658444505], [-2.6914321757402417, -2.713878641773848, -2.226451751444205], [5.902314820290602, 6.444730990197007, 7.129733707768751], [-4.3631655204937605, -6.1503670912825905, -6.906320775696747], [0.7757209199452273, 3.1967672268863563, 5.6074918559261135], [8.52485151184366, 6.170502957802214, 3.1319645662022664], [-6.995525645060543, -7.443021359177757, -6.623613138392092], [-1.112195099948417, -1.1164752156138562, -0.7432184077324133], [0.5004671722020589, 0.5005123905871997, 0.5004651610549141], [0.5343202773169198, 0.530632548718518, 0.5247593734977], [0.9994569457412923, 0.9757664180630383, 0.8954388787480981], [1.3064351181509783, 2.240329734389464, 2.5326787249689207], [-5.563803798883752, -6.786616653474854, -8.852706431698836], [1.6567458058128843, 4.74242414368207, 5.904787266253324], [11.06007851944044, 8.97002965385768, 7.174209937251078], [-12.318377501669318, -12.42657306710013, -10.397314175599284], [-6.889775487773726, -5.3825684581037265, -4.093535301178842], [-0.06971908348324081, 0.06622711035773038, 0.22119431230284292], [0.5000032182955388, 0.5000036891603825, 0.5000040579954563], [0.5012193398741819, 0.5012033644451659, 0.5011441770213333], [0.5353360186269822, 0.5479580476196307, 0.5532055166801592], [0.4405501090446558, 0.5918510812098305, 0.8703316094701159], [-0.3370525162030586, 0.6612932050987923, 5.159928208788826], [6.19550984937344, 9.349329644892418, 12.338447589009402], [-3.035852630420974, -4.044311362393984, -8.590348189339432], [-8.275519145705445, -6.849675548628105, -5.305589340087697], [-1.2173009730952147, -0.6219342170769149, -0.2511578958871238], [0.42898161215328523, 0.4595898856111603, 0.47431101871251224]], "x_vals": [-150.0, -132.0, -114.0, -96.0, -78.0, -60.0, -42.0, -24.0, -6.0, 12.0], "nbr_cols": 10, "history": [{"eligibility_decay": 0.9, "negative_reward": -0.0, "learning_rate": 0.05, "reward_factor": 0.95, "episodes": 500, "steps": 1500}, {"eligibility_decay": 0.9, "negative_reward": -0.0, "learning_rate": 0.1, "reward_factor": 0.95, "episodes": 500, "steps": 1500}, {"eligibility_decay": 0.7, "negative_reward": -0.0, "learning_rate": 0.1, "reward_factor": 0.95, "episodes": 500, "steps": 1500}, {"eligibility_decay": 0.7, "negative_reward": -0.0, "learning_rate": 0.1, "reward_factor": 0.95, "episodes": 500, "steps": 1500}, {"eligibility_decay": 0.7, "negative_reward": -0.0, "learning_rate": 0.05, "reward_factor": 0.95, "episodes": 500, "steps": 2000}, {"eligibility_decay": 0.9, "negative_reward": -0.0, "learning_rate": 0.05, "reward_factor": 0.95, "episodes": 500, "steps": 2000}, {"eligibility_decay": 0.5, "negative_reward": -0.5, "learning_rate": 0.05, "reward_factor": 0.95, "episodes": 1000, "steps": 1500}, {"eligibility_decay": 0.8, "negative_reward": -0.5, "learning_rate": 0.08, "reward_factor": 0.95, "episodes": 500, "steps": 1500}, {"eligibility_decay": 0.8, "negative_reward": -0.0, "learning_rate": 0.1, "reward_factor": 0.95, "episodes": 500, "steps": 1500}], "sigma_v": 3.3333333333333335, "sigma_x": 18.0}