{"nbr_rows": 10, "nbr_cols": 10, "sigma_v": 3.3333333333333335, "weights": [[0.5091807516779162, 0.5034676191198512, 0.5070076113156003], [0.5481084960809568, 0.5244308702049401, 0.5865376834656697], [0.5813561466636874, 0.5777953819067173, 0.860521745724417], [0.5947963280184615, 0.6782668878925739, 1.3026362388065733], [0.605399097274725, 0.7387539717136268, 1.7252212470705517], [0.5947206730460562, 0.6997201626774936, 1.9342689946565275], [0.5137045532289573, 0.600763653672846, 1.7345058376048248], [0.48543146849971536, 0.533687695582097, 1.087196001353961], [0.4927095082670204, 0.5079217961723186, 0.5676124608247417], [0.4990939043415323, 0.5003994169501655, 0.4690517102501891], [0.5801965089655505, 0.5223945123251218, 0.5729637881030827], [0.7282934949220706, 0.6250479204338342, 0.8262188874262756], [0.6115637407139664, 0.5751001029021168, 0.62709856551522], [0.21157281936284025, 0.20319050058444407, -0.0980274630513548], [-0.0282666628205486, -0.08205078335163604, -0.42695512074104375], [0.0004815559342564446, -0.05139468589710301, -0.5640279430677142], [-0.06593327377124111, -0.006565011197125341, -0.19655129178253952], [0.17163530582553033, 0.3093546545725554, 0.9395037045245345], [0.3941706377100241, 0.49817438556662463, 1.1028385690264413], [0.4874115087432084, 0.496590273297163, 0.40465992793410777], [0.6509754756924037, 0.5458690934540571, 0.6552406323950055], [0.5002851538937668, 0.47460043827881054, 0.350324455064986], [-0.08260339752005295, -0.09578917296158329, -0.35279632576288517], [-0.1875203330782946, -0.2201244762601105, -0.06814100083514034], [-0.10058690226995712, -0.12275555475875385, 0.04081036704699652], [-0.0463514803268611, -0.00028981196649699063, 0.278376419660094], [-0.02020486713235359, -0.10548795591436129, -0.0443349119391711], [-0.12489222099219445, -0.2111796404562542, -0.7611146156004769], [0.15675751746217034, 0.30809465332887787, 0.6351463969834119], [0.4575172247941627, 0.48496524799845053, 0.7525349909789852], [0.6160342167905576, 0.5678877213286091, 0.6112759482747321], [0.35070981295802944, 0.35291386005588843, 0.1753801558768488], [-0.15384500978756174, -0.284080709392689, -0.06273038423087182], [0.06834171084994403, 0.12098485916190566, 0.06334225917635544], [0.21879533049161, 0.22647838759844374, 0.15792364789894558], [-0.024522638256883812, -0.015126876322218302, -0.2615660524724382], [0.21165666049643822, 0.1976996084000193, 0.27217494463478786], [-0.11189360938042496, -0.2313776875194933, 0.15092536249558564], [0.027670294971214787, 0.1339108797879353, -0.27043303733919466], [0.42400567355683577, 0.5069622793525692, 1.275775514475467], [0.5324398829966215, 0.5184838367978137, 0.5268187882192069], [0.5008324963160101, 0.4873565451051294, 0.5077817139910697], [0.17996808063343772, 0.10741458417798022, -0.03335873340707143], [-0.19931570038701876, -0.2399585432309957, -0.27457646019127907], [-0.11237199644011305, -0.12148777719070035, -0.03982837392943114], [-0.028085735001715604, -0.06386780551763523, -0.09933923212717523], [-0.15214648491060406, -0.19327692463745022, 0.4162420723285088], [-0.03249650944171366, -0.06456686752440227, -0.9357888254661598], [0.17782188155680803, 0.29542552121979193, 0.9871312457763024], [0.43523405109381874, 0.54004686884487, 0.7742061130862826], [0.485590078272382, 0.49237380653559093, 0.4803410724391653], [0.47007539998109366, 0.47752826677438903, 0.47087277170439124], [0.39977826459357924, 0.4146916367575469, 0.389111321772458], [0.2559255678927509, 0.2207024033640963, 0.2250892108681708], [0.017259883982000655, -0.029461601278085288, 0.01649263126593297], [0.03277776585705359, 0.021762877550805405, 0.6048431934597057], [0.12802310712068277, 0.127916382027772, -1.1621826556199841], [0.2543365877388515, 0.25454033932348197, -0.17190756958762868], [0.40883727678622156, 0.5103659904719616, 1.9021835071737514], [0.4842453153082151, 0.5489776098461281, -0.282383380258232], [0.4947277316539628, 0.4970152208541194, 0.4889512086690969], [0.45742427623197657, 0.47595275432064504, 0.4005729873667617], [0.3723719775073228, 0.4106277184635709, 0.34567988851484205], [0.3512560998727861, 0.3498425659245515, 0.591406160872878], [0.3752389646192228, 0.3544665894970388, -0.09834994812009078], [0.28530632074793516, 0.24610686264385592, -1.9563684282367437], [0.14705928094210613, 0.13678874699598806, -0.7233103309522683], [0.5320800102176256, 0.43286824929634604, 2.8128133418219403], [0.6684722243917457, 0.6062054959974843, -0.11516232590745068], [0.530103160181274, 0.5366991448093178, -0.3189962913931033], [0.49941901410984607, 0.4996815683346941, 0.49855111456006557], [0.48948870404076456, 0.4929187990723195, 0.47627517886962745], [0.4448529170389766, 0.4450717398712536, 0.42567022147353684], [0.3743931225804959, 0.37051703640851125, 0.17387795487219235], [0.29502931761749424, 0.31048025015232833, -2.3192463676767034], [0.15172040722706515, 0.19644536998825105, -2.0511894742705397], [0.4834167493225146, 0.418975015515534, 3.5475598306360596], [0.9773818774047163, 0.7775793715559505, 0.19717381562991645], [0.7635518430761108, 0.6833808789464157, -1.3147271957122295], [0.5297330270204966, 0.5208691717324154, 0.18191409339045797], [0.4999814945606553, 0.49998767274427713, 0.4999572852467856], [0.4993812152426543, 0.4994088490486728, 0.4989327788523197], [0.4907739875150401, 0.4912249118652504, 0.48803886194215185], [0.42451597599036556, 0.4382179660705118, 0.2649882139707937], [0.24454122048988422, 0.27533801293282983, 0.1595432239265896], [0.37007779781776695, 0.3078631630342417, 5.2491914636652846], [0.9658751723274366, 0.6507457951395061, 3.022442321404392], [1.1550436746756463, 0.8847304848854076, -1.9499102815511407], [0.7143548511766764, 0.6840610132608133, -0.32277437082840593], [0.5142679902549099, 0.5149451717775512, 0.4451407544038232], [0.49999984811441256, 0.49999991042800435, 0.4999999296400373], [0.49998546303417857, 0.4999874421095811, 0.4999860046320634], [0.4993074958214616, 0.49951411156708, 0.499269336203931], [0.48864075032433596, 0.49118508349688145, 0.5164274423373908], [0.4571980711380117, 0.462773764415793, 1.3903916179869438], [0.5443070264131432, 0.48934578272526064, 3.731205959153697], [0.7188204035173789, 0.5650063655392704, 1.6536746080926605], [0.7339745382346701, 0.6156644309824837, 0.10331003071359134], [0.5696167346213074, 0.5511793293311489, 0.4348713916453369], [0.5038781757004235, 0.5037505003750072, 0.4986223892180342]], "tau": 0.2, "v_vals": [-15.0, -11.666666666666666, -8.333333333333332, -5.0, -1.666666666666666, 1.6666666666666679, 5.0, 8.333333333333336, 11.666666666666668, 15.0], "x_vals": [-150.0, -132.0, -114.0, -96.0, -78.0, -60.0, -42.0, -24.0, -6.0, 12.0], "sigma_x": 18.0, "history": [{"negative_reward": -0.5, "episodes": 500, "eligibility_decay": 0.9, "reward_factor": 0.95, "learning_rate": 0.03, "steps": 1500}]}