{"sigma_x": 15.5, "x_vals": [-150.0, -134.5, -119.0, -103.5, -88.0, -72.5, -57.0, -41.5, -26.0, -10.5], "nbr_rows": 10, "sigma_v": 3.3333333333333335, "weights": [[0.4920124913134953, 0.4940361370279379, 0.4932901625345455], [0.447751885841947, 0.45403281950215374, 0.45196379671472015], [0.3574633594716756, 0.36159434599999, 0.35561481049033505], [0.26107421169338346, 0.2707672118913518, 0.256904585924461], [0.20155984239168984, 0.2127339610660006, 0.2198415135948078], [0.2283778379773571, 0.22927018954204892, 0.24911188470859835], [0.30938570034140694, 0.3144113323114972, 0.332104784591515], [0.3970709687749803, 0.40415903153859, 0.4175242108524699], [0.4659310802031082, 0.4711024020568247, 0.4728754512393193], [0.49493013945018294, 0.4959834545358626, 0.49523684061506124], [0.40222509777023224, 0.4147295464729816, 0.4067270400148851], [0.09890004749075268, 0.11718611432391625, 0.10708237241767828], [-0.19084041424817805, -0.20984174692857435, -0.20970562873452267], [-0.3540559309625576, -0.3629342432158786, -0.3675992523418693], [-0.41677529115426587, -0.41697398016984427, -0.4245095510011577], [-0.43297142621162915, -0.4308349775003188, -0.4305340042562233], [-0.3697034189620756, -0.36870244405242925, -0.3561595428057347], [-0.1764884111228599, -0.1516379479547486, -0.1168111697914663], [0.15866817030914215, 0.20051125018987864, 0.2122106379012608], [0.422101478108242, 0.42985868466936955, 0.4273736575768476], [0.16161202362995264, 0.16531815596915964, 0.1488225788937896], [-0.3117697369500394, -0.32832053591500504, -0.34958300167845785], [-0.37011282360568437, -0.38766073053647715, -0.3893408380760059], [-0.34569925273986435, -0.33910440499019995, -0.3352938346122558], [-0.3183947034257121, -0.31713009758156874, -0.31813312265499405], [-0.3064702182133409, -0.30996447049556247, -0.3040843358167886], [-0.33792955807016745, -0.3525942201111688, -0.35758311602687515], [-0.43314968936893394, -0.4348835820329168, -0.44644632497086023], [-0.32941679561227477, -0.2990362708318067, -0.27257424259703694], [0.18585238708882582, 0.20189541508733502, 0.22328434877113473], [0.036577747705278114, 0.007624767639169137, -0.004389040220148671], [-0.3822754247903206, -0.40749028969317036, -0.41655006039292725], [-0.2906069132278377, -0.27485456487385185, -0.26404046195776215], [-0.3330520393380245, -0.33375587162955334, -0.3425496963897971], [-0.29491563655776276, -0.2946045101253199, -0.2831251649356981], [-0.3051263387983614, -0.3089779783809628, -0.31551269332679127], [-0.2928629900290831, -0.28596994081964994, -0.2671152445221763], [-0.258463392449127, -0.2736226503107858, -0.28586277793504383], [-0.4491097899043017, -0.4230246413830169, -0.4002045301571765], [0.020289835875658267, 0.07552893312305237, 0.12124588166609611], [0.08564608319624274, 0.07757447877502296, 0.0715818285220365], [-0.3561255317388329, -0.3805383274614645, -0.39278614513089205], [-0.3074017073586521, -0.30310020595866216, -0.2968505294715159], [-0.3682943759747827, -0.3704694864879419, -0.3734174895840406], [-0.28836511095981765, -0.2756599111769812, -0.2735099325373992], [-0.33344669674707583, -0.3474906491141714, -0.3593739892879898], [-0.3695235886838185, -0.3660579866254847, -0.3555652781631723], [-0.3121099526617221, -0.3183648532449935, -0.3317693634636366], [-0.4031125942166211, -0.39056791748435854, -0.37703106209572446], [0.12991772299206988, 0.155264487781901, 0.20935675415372776], [0.2537334061905445, 0.26346674581347734, 0.23840301970984243], [-0.22429672475890036, -0.2584318113401795, -0.29229482234974885], [-0.3539033365418277, -0.3600038582199981, -0.34697834503503194], [-0.30198797488994056, -0.29458532700110085, -0.30195891713175027], [-0.3557423920196567, -0.3669570289891361, -0.36196157853770083], [-0.3225716278176245, -0.3112297675122909, -0.2964817456394224], [-0.23415149796075188, -0.22660802855076403, -0.219356247905637], [-0.382085159486706, -0.3927424447173357, -0.41725086929570987], [-0.2653615805077916, -0.22558139126449675, -0.18184304388745134], [0.304371007700767, 0.32846675455975693, 0.38748786914365535], [0.41842646632630215, 0.41793371492232345, 0.4192638677787117], [0.04816882035373952, 0.017350413475095028, 0.03589034420263142], [-0.2917976023914033, -0.3204574093008739, -0.32788760185787713], [-0.32902938307746116, -0.33406225136635337, -0.3340273472693725], [-0.328449348011355, -0.32270883939214295, -0.3368279416389612], [-0.32448156404281986, -0.32302114076644206, -0.3267269509936991], [-0.39406027495133567, -0.4032459721118427, -0.44456207816725946], [-0.3797783047869441, -0.36016953549413816, -0.34160112150333627], [0.07096598798200149, 0.12341423971592536, 0.18960238305525573], [0.43379786512144697, 0.4554758025572653, 0.49037490847007215], [0.4872726506447678, 0.4857099574946456, 0.4873308425158948], [0.347507327711762, 0.34108865387831594, 0.341353093168045], [-0.0445262629561571, -0.05905920595568068, -0.07010646249095691], [-0.2806308311342788, -0.2935415357085768, -0.3122597723293168], [-0.25131062971250495, -0.2503909215567876, -0.23283491169463974], [-0.2809223151224388, -0.30372432347903533, -0.28150490234262304], [-0.3463183854633607, -0.33395471793984177, -0.28128510040615884], [-0.012648576918954386, 0.024604477993713778, 0.0848651612283117], [0.39620781313372044, 0.41166666023352116, 0.46609577509445216], [0.49423636606305243, 0.49671623197292675, 0.5075166373246491], [0.49902656323444444, 0.4989831135618508, 0.49906899232190327], [0.4741806164638515, 0.4747895101125406, 0.4754760178309651], [0.2995646423894238, 0.28768544544653385, 0.28751477608660125], [-0.04154892200329316, -0.07027898578415712, -0.07639664934693864], [-0.3008635953456243, -0.30477215267649155, -0.339390667357388], [-0.3718917262906493, -0.3310953901943675, -0.3922424852802934], [-0.0923206347669668, -0.04951469652224267, -0.031456428753421244], [0.29583363026021625, 0.3425646607624, 0.3969362047568795], [0.4774587429115956, 0.4855848214624, 0.5089280037606745], [0.5009479749100919, 0.5000361856941155, 0.5024456140906359], [0.49996779546771125, 0.49996869310109815, 0.4999731862442799], [0.4982603892793059, 0.49805310780393425, 0.49812012420284996], [0.46949217874036997, 0.46326533540805365, 0.4625192756183651], [0.29627908634835676, 0.2729074375390523, 0.2806522189322515], [0.05928325857673418, 0.0548804972419135, 0.023768317267951065], [0.2728214826484511, 0.24580083708167788, 0.3195020258328034], [0.6376987986592247, 0.6539046667386851, 0.5981584538728234], [0.5139100563934301, 0.6291143918479302, 0.5112121814353807], [0.48508404869119076, 0.5186424297164407, 0.4986714946195504], [0.4994965307574477, 0.5005077037635444, 0.4999863218061575]], "v_vals": [-15.0, -11.666666666666666, -8.333333333333332, -5.0, -1.666666666666666, 1.6666666666666679, 5.0, 8.333333333333336, 11.666666666666668, 15.0], "nbr_cols": 10, "history": [{"steps": 2000, "episodes": 100, "eligibility_decay": 0.6, "learning_rate": 0.05, "reward_factor": 0.95, "step_penalty": -0.05}], "tau": 0.2}