{"nbr_rows": 10, "x_vals": [-150.0, -132.0, -114.0, -96.0, -78.0, -60.0, -42.0, -24.0, -6.0, 12.0], "nbr_cols": 10, "weights": [[0.5919168340334907, 0.5458871967262847, 0.5954949216406057], [0.9834944844850841, 0.763462045384539, 1.1785305482788122], [1.5588263718756552, 1.2377418971631564, 2.7497130667349374], [2.0953351173759587, 1.7696231486623686, 4.135798651013381], [1.8929024104599768, 1.930229087152229, 3.225760119629616], [1.398744983945932, 1.8726268192202855, 3.489178943884179], [1.0563809854633306, 1.450986362702189, 4.744240855140968], [0.6526233313698854, 0.7614243721689982, 2.738571481654324], [0.5142953161517836, 0.5429510349131368, 0.6734479894262123], [0.4981291325406327, 0.5026319579781451, 0.3827681000488953], [1.149885297572622, 0.8937311355045381, 1.1056356180630764], [2.079031622884037, 1.4519113517390179, 1.9780803299233556], [1.2845110783073668, 1.101662549721003, 1.127145275344567], [0.07231578901903768, 0.1931664679042273, -0.5063663825778875], [-0.17410108702422614, -0.30503084547762194, -0.5206035323088775], [-0.2774831876819793, -0.29698425196469663, -0.5393112034898171], [-0.05448176332366512, -0.006440335322915842, -0.8697569446688012], [0.20313887119643664, 0.39406190796451446, 2.0614235606384943], [0.46374112834300124, 0.719661938298503, 2.4770450512516566], [0.47605626527525435, 0.5394534711089781, 0.4231377338175808], [1.6661433464342126, 1.401550506269321, 1.6175290139143768], [0.6459143401734868, 0.783649620380243, 0.49902663442313694], [-0.2318971737330488, -0.17449397622615478, -0.39348562420386435], [-0.13720556255670388, -0.26110825869198956, 0.03088806790203685], [-0.07705627567087706, 0.0037786966321582192, 0.1646260978471924], [0.12099133719147105, 0.07595788305238665, 0.045050397838610354], [-0.08822891964767156, -0.18068591515391724, 0.4543188535959648], [-0.09592181348263845, -0.07820033760533944, -1.6185396201884372], [0.3338097626108093, 0.6526249775590366, 1.5323840759906433], [0.4678448786126061, 0.7086018002967908, 1.9177853891023793], [1.6126600015294905, 1.4827763662431912, 1.6206185962861557], [0.5411267144586811, 0.4440920677923313, 0.19393851661038783], [-0.10438334441351214, -0.18620535192859314, 0.051218508732502194], [0.07481244016912808, 0.19259280946168708, -0.007919166465243687], [0.08805414516210745, -0.004445750206830934, -0.02436339702870856], [-0.09264723811500486, -0.05374052133151953, 0.08107347133707142], [0.11903654958059404, 0.2248142516697596, -0.2304241530533827], [-0.14470374845491815, -0.251702995709896, 1.2010112758140885], [0.12621885459366186, 0.16285422620863224, -0.9005730938858965], [0.5234395337487617, 0.8216979138053598, 3.0240176588273258], [1.011012233617053, 1.0647538061886241, 1.1658301425519193], [1.2547793455833087, 1.13536364464084, 1.096705201385453], [0.17426814572765234, 0.2067977671172599, -0.03808999651092259], [-0.2922008177464267, -0.3785114542682976, -0.2453655520290392], [-0.03882246148905098, 0.02953096702357263, 0.1986958299710849], [0.020029421739460877, -0.02161329903083231, -0.602198224345684], [-0.14480674478369673, -0.32772170431330794, 1.024212072586231], [0.05857238008416466, 0.29276016739060595, -2.3739008209570964], [0.46165139805270494, 0.39185911517579947, 1.9584771737402595], [0.550030318675747, 0.6942859781608277, 2.2517545106769465], [0.5919672073498633, 0.6518702193840898, 0.6677130346605641], [0.9873668860319753, 1.0190132609981792, 1.0840279726118744], [0.9864681907356794, 0.8915921173388762, 0.8360495183380563], [0.527236084387182, 0.5400089979020638, 0.3306847844432843], [0.015397338623086537, -0.12324831864290432, -0.36486463933132973], [-0.07486842727212326, -0.056181690418067184, 1.3253947703922584], [0.29699833669795406, 0.7759965102020708, -1.1096210660930848], [0.4582270005570942, -0.12699510301812436, -0.7737097349278937], [0.615503790095958, 0.9014731805085112, 4.885081642041438], [0.5340429962083715, 0.7368190120592524, -1.2777172881701842], [0.5127858400886659, 0.5205687236731562, 0.5188755518135889], [0.6283179136711398, 0.6647694832082612, 0.6308511647305047], [0.8082192598467709, 0.8839080053816565, 0.7205287333023607], [0.7128200303641137, 0.5143651730910974, 1.2779251256583035], [0.6625302085888919, 0.9652195821404265, 0.7138010777811774], [0.8108809413166558, 0.919252370474539, -3.776297826885666], [0.5241228426624125, -1.3684685566630979, -2.77249616775847], [0.44937447464792624, 1.7618494603956, 5.540345758316908], [0.5884206126585375, 1.8835896272675205, 0.7000232364116015], [0.5173285725922224, 0.6847529524215179, -1.2439111044870639], [0.5010192940810408, 0.5013604145201176, 0.5011474251235788], [0.5227742259002048, 0.5243184393712657, 0.5213828255544044], [0.6172236488042581, 0.5973003070313799, 0.6035959652019482], [0.6834222458283781, 0.7743478256683735, -0.03375945679217893], [0.704016627770063, 0.7571358950964191, -5.45902479604649], [0.19424513729071816, -1.9282939347050059, -2.1582081813774368], [0.3087698892122908, 2.5571972648853074, 7.562355742536026], [0.7404385132514454, 3.900914669188789, 2.4294729951112988], [0.6684719803448212, -0.4168392174181835, -1.4018998240796878], [0.5190366657096406, 0.23899021134009346, 0.017422143007473138], [0.500028885347336, 0.5000264206353346, 0.5000344669749559], [0.5010049601298312, 0.50068302877924, 0.5009976204626428], [0.5070458647536873, 0.5090757501345207, 0.4899152809797487], [0.5107013775866673, 0.5440153094740299, -0.20773890701967296], [0.3708787859330745, 0.04589997415067143, -1.5293568215132756], [0.45784112032866914, 1.7979453477392933, 8.176916628004959], [0.8323390910562296, 6.293328669540533, 0.33260805207831073], [0.7485483453864212, 0.14194696715493904, -4.0432379219042875], [0.5788191862525377, -1.14658882625406, -0.5812572874191912], [0.5075891484748137, 0.3389033508790472, 0.4175690217991848], [0.4999999747376675, 0.4999998378279658, 0.5000000890752297], [0.5000040974202324, 0.5000017428576048, 0.4999976693969952], [0.49983293346864793, 0.4999671418734234, 0.497633168018582], [0.49077662820649803, 0.4849168396313956, 0.4756473613221341], [0.46859634540027084, 0.5098974346046736, 2.0621813790869683], [0.623450602823036, 2.160705999782427, 5.8280110630157935], [0.7125394657780272, 3.795102973497333, 0.5712464741296893], [0.5775291566893985, 0.972224998161126, -0.5367829201340432], [0.5098970480516647, 0.3336878006473527, 0.3582268011001148], [0.5005553402966448, 0.4908663548307647, 0.49469736223018534]], "sigma_x": 18.0, "v_vals": [-15.0, -11.666666666666666, -8.333333333333332, -5.0, -1.666666666666666, 1.6666666666666679, 5.0, 8.333333333333336, 11.666666666666668, 15.0], "sigma_v": 3.3333333333333335, "tau": 0.2}