{"v_vals": [-15.0, -11.666666666666666, -8.333333333333332, -5.0, -1.666666666666666, 1.6666666666666679, 5.0, 8.333333333333336, 11.666666666666668, 15.0], "nbr_rows": 10, "weights": [[0.4934581794238063, 0.49383657258230007, 0.4942303771513212], [0.45955028834459527, 0.46043764006153015, 0.4608648601262495], [0.39672343248699193, 0.3981783395029583, 0.39646155660198934], [0.34259966672108255, 0.3445800314727301, 0.34304436354485823], [0.31127394611380377, 0.31751798636722983, 0.3211195639599297], [0.3296418923739856, 0.34530877685711847, 0.35696100421644517], [0.3861439362200467, 0.4070740711642612, 0.42663167262416285], [0.440322456385601, 0.4527698596761863, 0.4631158667785973], [0.47914251949702347, 0.48248028127600184, 0.4825645444956991], [0.496275838712643, 0.49655413802073856, 0.4955158958235748], [0.42146749574268677, 0.42533705671182237, 0.4273412141143287], [0.19882275657425189, 0.2017278572441007, 0.20491308791784757], [0.012584606556023361, 0.0031982563724143685, -0.005403604271687477], [-0.09103595376525908, -0.09642198439083866, -0.10361455073183098], [-0.13663903291235016, -0.13943584394767997, -0.13781762477262496], [-0.14878380587130535, -0.1520349796980218, -0.1487146856264974], [-0.12590148315464605, -0.11323543090588556, -0.1032716786882595], [0.027683321589936617, 0.0579996768825925, 0.09093103170655127], [0.2757684665450853, 0.3007442540558499, 0.3151323945804424], [0.4468351807495726, 0.4498499760069657, 0.4448476333279438], [0.25072883649690425, 0.25207572303626113, 0.24591344854860897], [-0.06000911863289906, -0.07653082122103347, -0.09053086865887468], [-0.08866172602507885, -0.09689966784186765, -0.10317599584010127], [-0.08257624021830727, -0.07268607663003017, -0.06203068047369933], [-0.0389808718271064, -0.04277322401452246, -0.04916801333004762], [-0.04002732171060186, -0.03505481171644646, -0.03106947042313604], [-0.054481432880221115, -0.06969563230337726, -0.08527346421775682], [-0.14305291055376732, -0.14796445751339507, -0.15123392383356501], [-0.06457083903076698, -0.037328052896855424, 0.0006821330698576751], [0.3127742960583339, 0.32369189775450485, 0.33768506116458646], [0.18726229957697307, 0.1667731040641072, 0.15421741582087642], [-0.10304148896107426, -0.11470009385293126, -0.12476708653217371], [-0.05055652198259169, -0.039077105514423005, -0.027137266087280947], [-0.046672386459630795, -0.056629072714781736, -0.06667953412336644], [-0.07881881313019407, -0.07279097832049052, -0.06785263129478053], [-0.07525552789724721, -0.08122389275517741, -0.08483436697791909], [-0.05539747954235245, -0.041057896340707244, -0.02087030554127531], [-0.01812867257482083, -0.030865080967206058, -0.04969403515409404], [-0.15764589345594623, -0.14864197466093892, -0.13528003888137846], [0.2513324759089147, 0.29031436399330734, 0.32781440197428546], [0.21656160643133615, 0.2018399165343374, 0.19339599391557244], [-0.10145266699596933, -0.11285045053525121, -0.11960774445134746], [-0.028627979911556002, -0.027472345962168545, -0.02818122249805541], [-0.116974163869764, -0.12214548046847261, -0.12167553480766952], [-0.025103105456942786, -0.01561122492806991, -0.0077432802967278315], [-0.06179139796574945, -0.07184983092576927, -0.08394092730556015], [-0.0863621366718913, -0.08579436059979846, -0.08515432362192238], [-0.04619262943608102, -0.05085180103769055, -0.05458822475283836], [-0.14556592348667338, -0.1511514799742698, -0.15060416387894474], [0.3033903640436966, 0.35396828529758534, 0.4155866490707433], [0.30200574754468934, 0.31248251286829604, 0.3035302435953154], [-0.01834869855588469, -0.04642020534688609, -0.07087217124749749], [-0.07820937517721253, -0.07564923203255103, -0.06794444542554617], [-0.026031079218985405, -0.025411977652546665, -0.026373957189333355], [-0.088605385286651, -0.09708260016196107, -0.10474168203912049], [-0.09008204504782683, -0.08186464138376884, -0.069153281859998], [-0.005779387102680741, 0.0015135954743674893, 0.01297084344976532], [-0.11306283843862908, -0.12667145924171191, -0.14251719593678286], [-0.03878261964596504, -0.007506867518600261, 0.02161862381157491], [0.39248024586778274, 0.44335740881219665, 0.5187883226041483], [0.42657026624601735, 0.43192265859829826, 0.4290364321859557], [0.15178556724694248, 0.1371454454942628, 0.12714178657123368], [-0.061970131259335016, -0.07568611511595033, -0.09240189789852754], [-0.06854172417531305, -0.06222558418832657, -0.053615181948567875], [-0.07155156029472483, -0.07185196621242572, -0.06904092974472967], [-0.033050898277003006, -0.03473351120691549, -0.04164210005772788], [-0.10222646229834947, -0.11735735091088438, -0.15681791778293805], [-0.1214526763462189, -0.12010541258727812, -0.11999041903579448], [0.22083271291923784, 0.2781359857957115, 0.3288958745906218], [0.470650135520844, 0.5008216944461391, 0.537927069531192], [0.487143189369089, 0.48748932159972885, 0.48790194473851356], [0.36531985226823527, 0.36640440976088257, 0.3637197038399178], [0.078067822022956, 0.06237106343406344, 0.04393617012758626], [-0.07054938097913337, -0.08349417690532185, -0.09018657316611345], [0.016161637515706376, 0.02358265392064031, 0.029676321707334696], [-0.01787583556245452, -0.023021336610327753, -0.012470830742047561], [-0.10666969359866511, -0.09635523510526568, -0.05862205993981884], [0.14862493881845681, 0.20019715486704734, 0.2482668378461506], [0.4372607191102016, 0.48095887242844776, 0.5257182319392166], [0.49901218628733646, 0.5078686341709515, 0.5097309838964365], [0.4989626610132742, 0.49902213496959413, 0.4989954308810904], [0.475289766538906, 0.4764407625682572, 0.474413324142757], [0.3178611476567134, 0.3211614775354732, 0.3127492434462001], [0.08760964105538727, 0.0704558402757699, 0.06451915976814311], [-0.08487622804804527, -0.10995173486004069, -0.11817817921264144], [-0.20940275470121314, -0.2401678894475865, -0.27169997877645746], [0.03781603865834563, 0.03985690506357567, 0.010198011007311256], [0.4051043431064376, 0.425408359951136, 0.43519039187488], [0.496504907641161, 0.4980478918168684, 0.49043807828990993], [0.5003468984975761, 0.5008414244386824, 0.4943891874421787], [0.4999645858805399, 0.4999670073814125, 0.4999634682522529], [0.49807908277378193, 0.4981159882378246, 0.49802646846910503], [0.46894814901524073, 0.468457965595019, 0.46853830510724975], [0.3266603360448967, 0.3180321510104583, 0.31262617608448884], [0.12334259253073265, 0.10328522827791708, 0.08527090651511864], [0.30921925134364175, 0.4016362265725935, 0.4716882323489408], [0.7123285015861028, 0.802848108009527, 0.8769675447429481], [0.65265406128307, 0.6408839168266265, 0.6424729724235394], [0.520474647924753, 0.5077602882158246, 0.49176272740509946], [0.5013240923645544, 0.4996675643523109, 0.4960068891382888]], "nbr_cols": 10, "x_vals": [-150.0, -134.5, -119.0, -103.5, -88.0, -72.5, -57.0, -41.5, -26.0, -10.5], "history": [{"learning_rate": 0.01, "steps": 2000, "step_penalty": -0.01, "episodes": 500, "eligibility_decay": 0.6, "reward_factor": 0.95}, {"learning_rate": 0.01, "steps": 2000, "step_penalty": -0.01, "episodes": 500, "eligibility_decay": 0.6, "reward_factor": 0.95}], "tau": 0.1, "sigma_v": 3.3333333333333335, "sigma_x": 15.5}