{"nbr_cols": 10, "nbr_rows": 10, "weights": [[0.7069334695432067, 0.7201692862733211, 0.6932285986960643], [1.8469919826730739, 1.853376690122444, 1.7013846769841736], [3.6901867311735956, 3.6281010727375094, 3.297516810780516], [2.766974149596523, 2.7385489194949497, 2.8206706870953795], [2.7924924009781034, 2.840412236907499, 3.076878151505941], [2.3099643314448217, 2.2956616263994167, 2.2626976107758114], [3.466038315628104, 4.017791674029681, 4.609467237967529], [6.227651043332302, 7.5118110919604435, 8.311025123150749], [3.3412064557522037, 3.8548453406763907, 3.877615301017085], [1.0588330590621282, 1.1304972215675158, 0.9978053674064392], [1.4912969611053943, 1.5037326167732394, 1.4432597731910124], [1.7185692673092157, 1.7304566540966486, 1.5824636459221573], [0.01896806388473974, 0.039452223385894915, -0.00469235262689566], [-0.4471263916705146, -0.4607920149002268, -0.4137052198220108], [-0.9710475552497633, -0.947559619063334, -1.0984511101637668], [-0.7381287629757336, -0.6200618030715608, -0.6023417023474004], [-0.9754406160310494, -1.103291014041084, -1.4920290857508465], [-1.4513009984463467, -1.4847731194392306, -1.2195454644800905], [3.249498489589619, 3.923468295268283, 4.216249213744416], [3.671350302652643, 3.912106754501513, 3.348365857694472], [1.673126397102415, 1.5848708188258793, 1.5648005608367102], [-0.09904950544043412, -0.14090588012466918, -0.2466741850427911], [-0.12481002594567074, -0.13234779862038296, -0.10063993213962338], [-0.1192692168023124, -0.14545552726938316, -0.1967036136531266], [0.3905563658234027, 0.4677170708661857, 0.5548326078053939], [0.14719540708652865, 0.017099106883776492, -0.04476175473965051], [0.376207112555409, 0.5583438617424086, 0.7529832118630833], [0.3955491578768291, 0.08397299871155883, -0.33570669424116195], [-2.106525726073417, -1.914143799265599, -1.4007343613483603], [4.253589995582249, 4.35042515078996, 4.447299702122635], [1.0993153526920014, 1.055769189228514, 0.9937455630621542], [0.1800111533818252, 0.1554487238667236, 0.10036045942351762], [-0.17364847025332092, -0.2117787195129269, -0.20888490265764662], [0.26453769862352466, 0.3164122012052691, 0.3781758615916287], [-0.27262360522049256, -0.36090472366860415, -0.4389303459713655], [0.1626571671802094, 0.21397665046485687, 0.23953885752417498], [-0.5298410294410567, -0.676798874218604, -0.7826432150034508], [0.24000126999246885, 0.5443928680002832, 0.8020476916704216], [-0.018412228387042207, -0.5013105499847351, -1.0932180863005423], [0.9523982391812259, 2.265977051269987, 3.0190103922341196], [1.346130892744038, 1.4207415604406906, 1.5565706764339655], [0.48447163041112795, 0.3683532885175878, 0.14279756887511055], [-0.15514636627493483, -0.12022460378647776, -0.08037744857441276], [-0.08832555348489037, -0.15180077063284578, -0.2364622938122481], [0.025202602687342857, 0.10777566073034166, 0.1878322499806798], [0.1839316733919369, 0.18002918631373127, 0.17943079392933745], [0.0042607637776449275, 0.07886780359443957, 0.060524699449644115], [0.6801792058659233, 0.4320058104951499, 0.2881687135286062], [-1.987211444236728, -1.9837222768188378, -1.6016468050364223], [5.177703443695845, 5.889837877006777, 6.0731451516708725], [0.9264222434211444, 1.0256955081238803, 1.0497713229690295], [1.035488988778075, 1.064253517473639, 1.0008375309285185], [0.47154174687224076, 0.3352125716455295, 0.1766880178116826], [-0.2615849235379576, -0.19030931812795707, -0.05291826616148343], [0.26876986370531486, 0.2447096499397656, 0.16569644453627186], [-0.8587061689596625, -1.031351535066761, -1.118239762540835], [0.9521530485566929, 1.136015485716313, 1.4827104804639522], [-1.7534225181414242, -2.2349381202557144, -2.5728260548282895], [2.2209753254505817, 3.3685601369676426, 4.402141941204343], [5.515550426042922, 5.0032997491507185, 4.278064786932561], [0.5577764811756184, 0.5608056421000479, 0.5689204477726627], [0.7407073146184505, 0.6857196245253468, 0.7497484048619473], [0.6336500119098591, 0.76049682857521, 0.8693900152260541], [0.9837355307034279, 0.831203734679607, 0.6355682886313614], [-1.0139619741294903, -1.1028847866101592, -0.9089055714125678], [2.4837615369958046, 2.9667742073477434, 3.583039399164832], [-2.1243323569165544, -3.085392389774908, -4.09883102979019], [1.8099932421349538, 2.6421477271196023, 4.3800485997880285], [5.672949933461459, 5.385153292239659, 4.649925573765654], [1.715456565394538, 1.0037647091016357, 0.3390375387113533], [0.5049719135723332, 0.50411572381964, 0.5033597656634236], [0.590306759609537, 0.5586487506003898, 0.5205672073440166], [0.7165759471642762, 0.34907285153897843, -0.1807518232876515], [-0.4084201712709003, -0.2646622271825204, 0.36964923010465095], [3.3578624292451593, 3.7204463677569484, 3.347951185365823], [-4.605578775466348, -6.011423739774334, -7.591655063388146], [2.1713609155584446, 4.006542567737463, 6.454829011973867], [7.999277727248155, 7.43121311686306, 5.9688229969524125], [-0.44100520398709103, -1.639681470854639, -1.9308434868477087], [0.14315782568777585, -0.12298739063498548, -0.05732879975197366], [0.5001842916007804, 0.500133547534323, 0.500040545781418], [0.5089822784281055, 0.5041919065836568, 0.4975642829660612], [0.5871587186633807, 0.5507013136709279, 0.5083339299480465], [0.14623072997432718, 0.38517706424404685, 0.6477445220557618], [-3.1974877513216904, -4.8528809669891, -6.191330131558171], [4.8331777111209835, 7.010524396074924, 9.951434502204696], [12.170615892394505, 9.8553306707766, 5.832968981741731], [-5.629167160285288, -6.012790931990232, -5.525771007363008], [-3.4533522572669226, -2.510109377074033, -1.5978579889409292], [0.20649762712573308, 0.2638123667850522, 0.360769721749062], [0.4999997685461184, 0.5000000252148724, 0.4999987178525116], [0.5002619115078081, 0.5002127611050057, 0.5001419288088145], [0.503010665683117, 0.5071363748431589, 0.5118072983689957], [0.3113438107606715, 0.3433984293421533, 0.5296470943442879], [-0.22034332011209595, 0.28311833951571885, 3.6323891861420914], [4.2435306408693965, 6.857594008900436, 12.583858640273409], [1.8107384035912135, 0.6412774343089881, -2.2999374906444117], [-3.6135920970784854, -3.347397804264182, -3.1083691168147736], [-0.5835251373769678, -0.1533824894165275, 0.10196709252580125], [0.4504644732979843, 0.4749906668596563, 0.4875417154119562]], "sigma_v": 3.3333333333333335, "history": [{"episodes": 500, "learning_rate": 0.05, "eligibility_decay": 0.9, "negative_reward": -0.0, "reward_factor": 0.95, "steps": 1500}, {"episodes": 500, "learning_rate": 0.1, "eligibility_decay": 0.9, "negative_reward": -0.0, "reward_factor": 0.95, "steps": 1500}, {"episodes": 500, "learning_rate": 0.1, "eligibility_decay": 0.7, "negative_reward": -0.0, "reward_factor": 0.95, "steps": 1500}, {"episodes": 500, "learning_rate": 0.1, "eligibility_decay": 0.7, "negative_reward": -0.0, "reward_factor": 0.95, "steps": 1500}, {"episodes": 500, "learning_rate": 0.05, "steps": 2000, "negative_reward": -0.0, "reward_factor": 0.95, "eligibility_decay": 0.7}], "sigma_x": 18.0, "v_vals": [-15.0, -11.666666666666666, -8.333333333333332, -5.0, -1.666666666666666, 1.6666666666666679, 5.0, 8.333333333333336, 11.666666666666668, 15.0], "x_vals": [-150.0, -132.0, -114.0, -96.0, -78.0, -60.0, -42.0, -24.0, -6.0, 12.0], "tau": 1.0}