{"sigma_x": 18.0, "nbr_rows": 10, "x_vals": [-150.0, -132.0, -114.0, -96.0, -78.0, -60.0, -42.0, -24.0, -6.0, 12.0], "sigma_v": 3.3333333333333335, "v_vals": [-15.0, -11.666666666666666, -8.333333333333332, -5.0, -1.666666666666666, 1.6666666666666679, 5.0, 8.333333333333336, 11.666666666666668, 15.0], "tau": 0.2, "weights": [[0.529183603948687, 0.5305987092095442, 0.5493017467171337], [0.708445779613623, 0.7017467663172531, 0.913532933434733], [1.1195134120981363, 1.0690887712680839, 2.0474077893544043], [1.516418876208818, 1.3410756709126048, 3.2740191116685033], [1.4404031428853181, 1.4905451481238816, 3.2523208368349246], [1.1606833860122932, 1.5697807106338304, 3.620555996784037], [0.9265035717267022, 1.2530100840436618, 4.233449801083214], [0.6283780772080112, 0.7143604673378257, 2.7159882141074583], [0.5110165135179187, 0.5341979240939673, 1.0438443020934438], [0.4978899397368476, 0.5019335838716396, 0.533601088802356], [0.7221607457142089, 0.743659369236602, 0.8206735091971361], [1.255376580037261, 1.1971487955803974, 1.5022793238965584], [1.162485838495963, 1.0596774697196418, 1.2332911495630818], [0.2067058861993198, 0.09993385937570846, -0.14422286679956256], [-0.10861603989855934, -0.15897556271393393, -0.43651591273340085], [-0.09771909635436866, -0.14101365075433045, -0.6048969460473098], [-0.05792524084357061, -0.09588274522175022, -0.4855888090722009], [0.20395573606795153, 0.3613895348003852, 1.9232975818658904], [0.4241690359813528, 0.641302063452412, 2.7460562387589293], [0.4707731871638352, 0.5260279661713503, 1.066719600163348], [0.9769862791628702, 1.0420214614008718, 1.1225356591186793], [0.7949759751766621, 0.7376834299203823, 0.5703299814262596], [-0.1364093006804821, -0.19147843031413336, -0.44769086028096156], [-0.21233034650220645, -0.1486799562377653, -0.06238218824215637], [-0.10782897326815072, -0.028175538140761056, 0.016563491585677357], [0.01033402962543846, 0.014959887599929653, 0.12222254659295267], [-0.07528068426929334, -0.04693669404069744, 0.22006374385511027], [-0.07928620260078326, -0.07540535700761049, -1.349431450797392], [0.22020728181392862, 0.4667867929816553, 1.199511962179429], [0.4445785195430696, 0.642682190353857, 2.3731723370486835], [0.9879301519002026, 1.0167486831621535, 1.1092927652757696], [0.6043157014875721, 0.5321072182418104, 0.34768437023383], [-0.15212663749852764, -0.1583618628241964, -0.011734600270952493], [0.0672865252256041, 0.09822697663766107, 0.055549571757196985], [0.21333475575389343, 0.15295367606230462, 0.1646955852877023], [-0.04913863316499448, -0.0051557744627431235, 0.025651345555108035], [0.0904785760806153, 0.06622394827908706, -0.2599371399120628], [0.026049508311314244, -0.08844963330217498, 0.9060270092144522], [0.022231672559653526, 0.06078364950748943, -0.8955462462558934], [0.4875072265941507, 0.7457486108485228, 3.280493003735638], [0.7060405424098116, 0.7253233856933053, 0.836291222214621], [0.8791185209249323, 0.8306555177959613, 0.834366607360137], [0.33817253897758415, 0.30304139506330663, 0.08607238944759198], [-0.30594018439153264, -0.2965522633735836, -0.30002910231588403], [-0.08701709322314072, -0.027448960435571178, 0.036356111961991996], [-0.050030963631329986, -0.1866980085588053, -0.607340187302659], [-0.13444697238249792, -0.08341202139014346, 0.7422481259357411], [0.009786256296651459, 0.17126365004170144, -1.3875536233027048], [0.2504950847663381, 0.2910299934776338, 1.0834315205176055], [0.5187315744350237, 0.675145391050052, 2.935075319725194], [0.5237235451074673, 0.5511055692040963, 0.576788934056988], [0.654419134745448, 0.6957483950752511, 0.7429952592109966], [0.6995200943791868, 0.6602751402923989, 0.6411597722442054], [0.5492990667845885, 0.5309585069795542, 0.5014713662596236], [0.03544356419574237, -0.11202807416165902, -0.16848734111611213], [0.030502476523131136, 0.16472201051906113, 1.211612104005673], [0.3228121650952382, 0.48347066871067396, -0.5742323550147018], [0.32247712954202234, -0.20246962147585487, -1.0924001638316618], [0.5193085051504085, 1.0152006640433104, 4.059980557974329], [0.5252469228580644, 0.7682392633413326, 0.47762695752930745], [0.5012385776868379, 0.5056825075442484, 0.5053818455365554], [0.5232237425133274, 0.5394014966537726, 0.5241346231251829], [0.549256363142625, 0.5568662066543323, 0.5178643209536725], [0.4572642593672096, 0.4141801169251962, 0.8698093481495498], [0.5235775691533874, 0.6504169206150847, 0.3871574529943946], [0.6300030197182718, 0.6865263052530052, -2.4945247295700947], [0.17278819875526233, -0.7921087786743924, -2.0664603907102173], [0.34632403524531835, 1.6391838289758305, 4.268661499661191], [0.5773200842376928, 2.920272709884714, 1.783157449016981], [0.516654553716669, 1.0305542756136197, -0.28316531016653734], [0.5000798692452628, 0.5002749226366675, 0.5000599734133158], [0.5027589065231092, 0.5032369595712539, 0.5000166832072115], [0.5039363102795129, 0.49573822120969385, 0.5021873947515627], [0.4964624315648821, 0.49417362751196126, 0.009769867590580829], [0.4417044908217685, 0.4760867361834078, -4.199048595179336], [0.07122576144602018, -0.4458575513456898, -1.7088724281764045], [0.2982244813606766, 0.9436119753713254, 5.867898323201532], [0.731841663676946, 3.148758817801864, 1.6746403934449015], [0.6675934725913002, 2.212216872215648, -0.8877395046139038], [0.519016766308757, 0.7606649858390709, 0.13824010275269863], [0.49999902769662463, 0.49999971434387763, 0.4999980415818016], [0.49980168923538304, 0.4997565868361476, 0.4998708119191501], [0.4941694002104255, 0.4933665305966898, 0.48644759447965763], [0.43740754929184256, 0.42542920254039285, -0.07493145398289222], [0.1964184768635964, 0.07422462624110637, -1.3670315065756193], [0.3679889369940563, 0.857577703126713, 7.066539740657403], [0.8314602279910241, 4.03925242011058, 1.0223160329424852], [0.7496754054563602, 2.5572740866466743, -3.8549714782346918], [0.5788272681537711, 0.7678252157160047, -0.5614869857384797], [0.5075888859957379, 0.5280509288176416, 0.4200926121310752], [0.49999986325431034, 0.4999998568565681, 0.4999999387750384], [0.49998536552419237, 0.49998322747053203, 0.49998863265994303], [0.4992886307930367, 0.49908948295999467, 0.49792635192921797], [0.48499554802899314, 0.4813584140924528, 0.46484526034225415], [0.4546622220154258, 0.4572872672184737, 1.5697355340789472], [0.6167408998439516, 1.0956109655632953, 5.210976412723974], [0.7120530770050014, 2.5576443554133066, 1.2497448133501636], [0.5775477308898879, 1.6633433231809556, -0.39839516090100136], [0.5098977568244387, 0.6256484420875188, 0.35975786087604444], [0.5005553402966448, 0.5052742070356201, 0.49467119184429176]], "nbr_cols": 10}