{"v_vals": [-15.0, -11.666666666666666, -8.333333333333332, -5.0, -1.666666666666666, 1.6666666666666679, 5.0, 8.333333333333336, 11.666666666666668, 15.0], "weights": [[0.49496626981035863, 0.49598681082065077, 0.5022104590729988], [0.48199797471513794, 0.4857470230638282, 0.5377082794538807], [0.4992933085875876, 0.5119703465525706, 0.6964688938020486], [0.5816707898482903, 0.5907614994523191, 1.03899368540311], [0.6473942177497622, 0.6492503884774153, 1.4027567131101477], [0.5946923599187409, 0.6918418672097512, 1.669738262765925], [0.5349451644290824, 0.6583024272292429, 1.7360157207141926], [0.5095112600313785, 0.5467020092013878, 1.3452991238687806], [0.5012347544939586, 0.5030467839209016, 0.8081896352821263], [0.49958468096368713, 0.4990135421268808, 0.5486857705598015], [0.4507587739531526, 0.45410831915216604, 0.4917893360555385], [0.369907029094101, 0.3713987726080593, 0.5196821319760107], [0.37542874203891, 0.3768125519855458, 0.5110643395725949], [0.2815472612490605, 0.27949143249500097, 0.3539843287912911], [0.05208195167261738, 0.0200154065591999, -0.02595310677738305], [-0.04325582738136551, 0.006683097076693188, -0.018966035453807654], [-0.03820760395113321, 0.023972460274363516, 0.29223967905850784], [0.14117309825587365, 0.21959832236455484, 1.2111589463879318], [0.3907115535752971, 0.4186495823465278, 1.826599084998864], [0.48041187688671394, 0.4845280422013361, 1.002323518825159], [0.37713972308213656, 0.3695061885196551, 0.433503522094675], [0.2852478107736441, 0.26862984767672454, 0.24712060837504565], [0.13210397665650003, 0.11334761081661374, 0.04209464531713235], [-0.16659964689770865, -0.1843036330407068, -0.24379480846250642], [-0.16601066961203276, -0.11877014499120447, -0.23304449810050007], [-0.15434435578568775, -0.21356281959760126, -0.16954758817225304], [-0.11194962471143023, -0.11218146303368794, -0.5748166025295727], [-0.2587406066394417, -0.295343714230508, -0.37992264393045616], [0.07156316763430723, 0.17506920395413306, 0.6146645474720243], [0.4183790752818049, 0.47857859770258543, 1.8246341768720118], [0.3326483114479832, 0.3297526261063383, 0.39660263219293757], [0.27752073312015246, 0.2659372796220995, 0.20322561076127268], [0.0428253738539884, -0.008845732142028698, 0.012195421007274698], [-0.2444548946576787, -0.21086202815406724, -0.2480422244683178], [0.053892079930653834, 0.013937816070307226, 0.28125536042785715], [-0.02725458913338323, 0.04310249498341482, -0.14564577414222643], [0.14415280055176147, 0.12449417012186605, 0.6476059599694851], [-0.13626487204449136, -0.1578115394520441, -0.5856743841919804], [-0.05550823202908852, 0.04179426261380813, 0.1145517648792007], [0.4225319012609676, 0.5100992898371911, 2.0040186808442075], [0.347491570285793, 0.3496430537480486, 0.39116573788387654], [0.22760021158935356, 0.21654505369891028, 0.20131557773529185], [0.19290650679282148, 0.16939822331313822, 0.14649478745411712], [0.003165683859543816, -0.01445527323298856, -0.01372129589416807], [-0.12923224513460047, -0.1016094079707286, -0.3175313311507608], [-0.2461950771043952, -0.3154349494223856, -0.3124135472098066], [-0.20401678583967833, -0.17212200171731687, -0.22079245278068713], [-0.13170986546896526, -0.1290968463571631, -0.4177341127905899], [0.11205578152551048, 0.20992384114399734, 0.557223862713279], [0.48159405155727203, 0.5412865266197792, 2.3756747020166205], [0.43261055279995325, 0.43693719612500803, 0.4465537275339687], [0.26338275870770494, 0.25994595070095683, 0.2644558988385496], [0.21283898111729999, 0.19704920248792915, 0.16779139460370435], [0.10893005462979274, 0.07466785642361379, 0.0656077468568028], [0.025628434459769114, 0.02101210403968148, 0.20344848603060958], [0.3043989175569111, 0.36954794656950835, 0.8152424689231599], [0.17191055537419933, 0.1360288546768007, -0.7626308401891303], [0.03248640268364485, 0.06544992417204969, 0.36502957682257214], [0.36794003258946656, 0.4981777261497736, 1.8410519075153562], [0.5087867306408527, 0.5563593336103164, 1.7501839039294116], [0.48743367337703003, 0.4891203737036643, 0.4900204984038245], [0.39029631019315214, 0.39884184381892657, 0.4026579355033975], [0.20423608548592775, 0.1883327417725809, 0.19600542483268482], [0.15929331718559048, 0.1436817541960049, 0.21328316555587867], [0.17108712557690137, 0.17990983824499626, -0.062463795214745585], [-0.10421003780332173, -0.17365167633000242, -1.717884394394025], [-0.1622158858642175, -0.1769745069970275, 0.1101238114719181], [0.3009306154337436, 0.4425275113073127, 1.3579409067806405], [0.5325187634991929, 0.6551924789152944, 2.7066532083676], [0.5103876604844799, 0.5308462735683187, 0.7064296732013052], [0.49906800243406796, 0.4992016924140377, 0.4992530088727094], [0.4815860195781266, 0.4826256492645049, 0.4832583923999306], [0.37654474133952637, 0.3778476599390627, 0.38834105142847314], [0.20590778680532051, 0.21039519554762276, 0.1336580605372206], [0.013885899197010212, -0.039671575135887684, -1.1072106300808109], [-0.009134056746447322, -0.054143456260363806, 0.28855884529957576], [0.3572490783332037, 0.5110253257523913, 1.944745685438658], [0.5884186747299864, 0.8034577227584708, 3.116636809237664], [0.5399244519937363, 0.5937078668592572, 0.5427032505833401], [0.5034244938999777, 0.50732356443026, 0.3834225782966117], [0.49997518037500843, 0.49997699398509693, 0.4999771651237724], [0.4988763123795515, 0.49891572220915437, 0.4989687349040677], [0.4809835728110303, 0.482164335546918, 0.4823427155363738], [0.3632309533585234, 0.3607898084703115, 0.2724418971362602], [0.20737912259556388, 0.20778716525196012, 0.34795265207641257], [0.4232827834038814, 0.5832045951724313, 2.068963181791868], [0.6889876034000985, 1.0862130612230247, 3.5349195869460455], [0.6004329584739019, 0.8214371362522023, 1.4571488856499928], [0.512200666923148, 0.5394603990201662, -0.07595863820077907], [0.500450399306509, 0.501167988954072, 0.4346890788319975], [0.49999990058617333, 0.4999998974626049, 0.4999998906064077], [0.4999736314247743, 0.49997602715908684, 0.49997725113491504], [0.4988829179958145, 0.49890509406019673, 0.4987782426046087], [0.4853939320174119, 0.48416424614162723, 0.48367139989177454], [0.4693630934144826, 0.49254524889954354, 0.8829793044050245], [0.5656272430427932, 0.7538934355149142, 2.773846351656049], [0.605064591690549, 0.8636425315793669, 3.2246283164357137], [0.5312701082408567, 0.6249848780673113, 0.8790291928488551], [0.5022667192269464, 0.5113574901669949, 0.41911440906902336], [0.500037807485172, 0.5002321039835322, 0.49199276065362696]], "sigma_v": 3.3333333333333335, "tau": 0.2, "sigma_x": 18.0, "nbr_rows": 10, "x_vals": [-150.0, -132.0, -114.0, -96.0, -78.0, -60.0, -42.0, -24.0, -6.0, 12.0], "nbr_cols": 10, "history": [{"learning_rate": 0.01, "eligibility_decay": 0.7, "step_penalty": -0.01, "episodes": 500, "reward_factor": 0.95, "steps": 2000}, {"learning_rate": 0.01, "eligibility_decay": 0.7, "step_penalty": -0.01, "episodes": 500, "reward_factor": 0.95, "steps": 2000}]}